Question,Flat_RAG_Answer,GraphRAG_Answer
What is the main topic of the ICCT study published in September 2021?,"Dựa vào thông tin được cung cấp, không có thông tin cụ thể về chủ đề chính của nghiên cứu ICCT được công bố vào tháng 9 năm 2021. Tuy nhiên, có một briefing vào ngày 14 tháng 9 năm 2021 của Anh Bui, Peter Slowik và Nic Lutsey, nhưng chủ đề cụ thể không được đề cập.",Không có thông tin
"Who authored the briefing on September 14, 2021?","Anh Bui, Peter Slowik và Nic Lutsey là những người đã viết bản briefing vào ngày 14 tháng 9 năm 2021.",Không có thông tin
How many electric vehicles were sold annually in the US from 2018 to 2020?,"Từ 2018 đến 2020, hơn 315.000 xe điện được bán hàng năm tại Hoa Kỳ.",Không có thông tin.
What was the electric share of new vehicle sales in 2020?,"Theo thông tin được cung cấp, vào năm 2020, thị phần xe điện trong tổng số xe mới bán ra là khoảng 2,4%.",Không có thông tin.
Which regulations are essential to electric vehicle market growth according to the study?,"Theo nghiên cứu, các quy định yêu cầu sự sẵn có của nhiều mẫu xe điện hơn là rất quan trọng đối với sự tăng trưởng của thị trường xe điện. Cụ thể, các bang có quy định về xe không phát thải (ZEV) đã có thị phần xe điện mới kết hợp là 5% và thường có ít nhất 13 mẫu xe điện hơn so với các bang không có quy định như vậy, những bang này có thị phần xe điện trung bình là 1,3%.",Không có thông tin.
What was the combined new electric vehicle share in states with ZEV regulations?,"Theo thông tin đã cung cấp, các bang có quy định về xe không phát thải (ZEV) có thị phần xe điện mới kết hợp là 5%.",5%
Which metric slowed down in Q1 2024 according to Cox Automotive?,"Theo thông tin cung cấp, không có metric cụ thể nào được đề cập là đã chậm lại trong Q1 2024. Tuy nhiên, có đề cập đến việc ""online và in-person customer traffic"" đã cải thiện từ Q1, nhưng vẫn còn yếu. Ngoài ra, cũng có đề cập đến việc ""tax refund season"" yếu hơn bình thường, nhưng điều này không được quy kết cụ thể cho Q1 2024.",Không có thông tin
What was the EV share of total new-vehicle sales in Q1 2024?,"EV share của tổng doanh số bán xe mới trong Q1 2024 là 7,3%.",Không có thông tin
Who is the director of Industry Insights at Cox Automotive?,"Không có thông tin về vị trí ""giám đốc ngành công nghiệp"" (director of Industry Insights) tại Cox Automotive trong đoạn văn đã cho. Tuy nhiên, có đề cập đến ""Cox Automotive Chief Economist Jonathan Smoke"", người đã đưa ra một số nhận xét về thị trường ô tô.",Không có thông tin
What did Stephanie Valdez Streaty say about electric vehicle sales in Q1 2024?,"Stephanie Valdez Streaty, giám đốc Bộ phận Thông tin Ngành tại Cox Automotive, cho biết: ""Doanh số bán xe điện tại Mỹ đã giảm trong Q1 2024 - đây là quý đầu tiên có sự sụt giảm theo quý kể từ Q2 2020"".",Không có thông tin
How much did Tesla sales in the U.S. decrease year over year in Q1 2024?,"Theo thông tin được cung cấp, Tesla sales ở Mỹ đã giảm 13,3% so với cùng kỳ năm trước trong quý 1 năm 2024.",Không có thông tin
What was Tesla's share of the electric vehicle market in Q1 2024?,"Theo thông tin được cung cấp, Tesla's share of the electric vehicle market in Q1 2024 là 51.3%.",Không có thông tin
Which nine manufacturers recorded more than 50% year-over-year growth in EV sales?,"Theo thông tin đã cung cấp, chín nhà sản xuất đã ghi nhận tăng trưởng hơn 50% về doanh số bán xe điện (EV) so với cùng kỳ năm trước bao gồm:

1. BMW
2. Cadillac
3. Ford
4. Hyundai
5. Kia
6. Lexus
7. Mercedes
8. Rivian
9. Vinfast",Không có thông tin
What was the average transaction price for a new EV in Q1 2024?,"Giá giao dịch trung bình cho một chiếc xe điện mới trong Q1 là $55,167.",Không có thông tin.
What percentage of all EVs were leased in Q1 2024?,Roughly 27% của tất cả các xe điện (EVs) đã được cho thuê trong Q1 2024.,Không có thông tin
Which Cadillac model drove a 499.2% year-over-year increase in EV sales?,"Mô hình Cadillac Lyriq đã thúc đẩy mức tăng 499,2% năm-over-năm trong doanh số bán xe điện.",Không có thông tin
What happened to the sales of the Chevy Bolt in Q1 2024?,"Sales của Chevy Bolt đã giảm 64,3% so với cùng kỳ năm ngoái trong Q1 2024, chỉ đạt 7.040 xe, do sản xuất đã ngừng. Một phiên bản mới của Bolt dự kiến sẽ ra mắt vào năm 2025.",Không có thông tin
When is the new version of the Chevy Bolt expected to launch?,Năm 2025,Không có thông tin
Which automaker achieved an 86.1% year-over-year increase in Q1 EV sales?,Ford là hãng xe đạt được mức tăng 86.1% về doanh số bán xe điện trong quý 1.,Không có thông tin
What is Cox Automotive's forecast for EV sales in the U.S. by the end of 2024?,"Cox Automotive dự báo doanh số bán xe điện (EV) tại Mỹ sẽ tăng vào năm 2024, và dự kiến sẽ đạt khoảng 10% thị phần vào cuối năm, tăng từ 7,3% trong quý đầu tiên.",Không có thông tin.
